molecule_name,pIC50
CHEMBL151,6.661388025737743
CHEMBL50,6.311693642374757
CHEMBL25,6.311693642374757
CHEMBL6246,5.859481497604351
18504424,5.43455680856264
